{"train/loss": 0.4449, "train/learning_rate": 0.0, "train/epoch": 1.0, "train/global_step": 185, "_timestamp": 1709613870.1194992, "_runtime": 3035.579809188843, "_step": 38, "eval/loss": 0.4430007338523865, "eval/runtime": 52.1416, "eval/samples_per_second": 11.987, "eval/steps_per_second": 3.011, "train/train_runtime": 2971.4916, "train/train_samples_per_second": 3.996, "train/train_steps_per_second": 0.062, "train/total_flos": 4.780146938064077e+17, "train/train_loss": 0.513112912951289, "_wandb": {"runtime": 3093}}