{"train/loss": 0.6681, "train/learning_rate": 7.078192768243486e-07, "train/epoch": 0.89, "train/global_step": 165, "_timestamp": 1710483861.74049, "_runtime": 4634.336227893829, "_step": 32}