{"train/loss": 0.6371, "train/learning_rate": 1.0655737704918034e-05, "train/epoch": 0.05, "train/global_step": 65, "_timestamp": 1708387958.0865479, "_runtime": 338.1260368824005, "_step": 12, "_wandb": {"runtime": 348}}