{"prompt-0 persona-0": [-274.57232666015625], "prompt-1 persona-0": [-408.231201171875], "prompt-2 persona-0": [-537.18603515625], "prompt-3 persona-0": [-334.5253601074219], "prompt-4 persona-0": [-221.5431671142578], "prompt-5 persona-0": [-252.27101135253906], "prompt-6 persona-0": [-345.4371032714844], "prompt-7 persona-0": [-322.17620849609375], "prompt-8 persona-0": [-233.59710693359375], "prompt-9 persona-0": [-245.15696716308594], "prompt-10 persona-0": [-327.4573059082031], "prompt-11 persona-0": [-300.5966796875], "prompt-12 persona-0": [-237.43360900878906], "prompt-13 persona-0": [-389.3053894042969], "prompt-14 persona-0": [-295.4139709472656], "prompt-15 persona-0": [-247.5352783203125], "prompt-16 persona-0": [-473.57196044921875], "prompt-17 persona-0": [-265.94232177734375], "prompt-18 persona-0": [-300.5256652832031], "prompt-19 persona-0": [-584.2745361328125], "prompt-20 persona-0": [-399.1043395996094], "prompt-21 persona-0": [-242.35586547851562], "prompt-22 persona-0": [-270.1239013671875], "prompt-23 persona-0": [-359.7276916503906], "prompt-24 persona-0": [-579.443603515625], "prompt-25 persona-0": [-364.93035888671875], "prompt-26 persona-0": [-220.12814331054688], "prompt-27 persona-0": [-184.13522338867188], "prompt-28 persona-0": [-249.20993041992188], "prompt-29 persona-0": [-215.13539123535156], "prompt-30 persona-0": [-365.69012451171875], "prompt-31 persona-0": [-415.00341796875], "prompt-32 persona-0": [-490.1888122558594], "prompt-33 persona-0": [-159.3094024658203], "prompt-34 persona-0": [-413.1270446777344], "prompt-35 persona-0": [-463.14453125], "prompt-36 persona-0": [-589.40966796875], "prompt-37 persona-0": [-515.89404296875], "prompt-38 persona-0": [-378.31201171875], "prompt-39 persona-0": [-481.7105407714844], "prompt-40 persona-0": [-192.82293701171875], "prompt-41 persona-0": [-208.04925537109375], "prompt-42 persona-0": [-571.1345825195312], "prompt-43 persona-0": [-440.55450439453125], "prompt-44 persona-0": [-422.93402099609375], "prompt-45 persona-0": [-243.08230590820312], "prompt-46 persona-0": [-266.18450927734375], "prompt-47 persona-0": [-425.811767578125], "prompt-48 persona-0": [-255.1473846435547], "prompt-49 persona-0": [-362.1179504394531], "prompt-50 persona-0": [-332.3058776855469], "prompt-51 persona-0": [-526.82470703125], "prompt-52 persona-0": [-261.07586669921875], "prompt-53 persona-0": [-529.7129516601562], "prompt-54 persona-0": [-428.4526672363281], "prompt-55 persona-0": [-462.4029541015625], "prompt-56 persona-0": [-441.9362487792969], "prompt-57 persona-0": [-235.64784240722656], "prompt-58 persona-0": [-186.59234619140625], "prompt-59 persona-0": [-388.14373779296875], "prompt-60 persona-0": [-277.5970458984375], "prompt-61 persona-0": [-344.5838928222656], "prompt-62 persona-0": [-169.1388397216797], "prompt-63 persona-0": [-376.89398193359375], "prompt-64 persona-0": [-247.6618194580078], "prompt-65 persona-0": [-337.405517578125], "prompt-66 persona-0": [-449.4830017089844], "prompt-67 persona-0": [-527.3091430664062], "prompt-68 persona-0": [-430.0372314453125], "prompt-69 persona-0": [-316.474365234375], "prompt-70 persona-0": [-357.5722351074219], "prompt-71 persona-0": [-277.8681335449219], "prompt-72 persona-0": [-356.7249450683594], "prompt-73 persona-0": [-359.3884582519531], "prompt-74 persona-0": [-208.35360717773438], "prompt-75 persona-0": [-459.89093017578125], "prompt-76 persona-0": [-281.7602844238281], "prompt-77 persona-0": [-480.59027099609375], "prompt-78 persona-0": [-232.23104858398438], "prompt-79 persona-0": [-519.9771118164062], "prompt-80 persona-0": [-315.3462219238281], "prompt-81 persona-0": [-246.23316955566406], "prompt-82 persona-0": [-198.62086486816406], "prompt-83 persona-0": [-379.9206237792969], "prompt-84 persona-0": [-348.93060302734375], "prompt-85 persona-0": [-577.0308837890625], "prompt-86 persona-0": [-714.2637329101562], "prompt-87 persona-0": [-352.11163330078125], "prompt-88 persona-0": [-494.8445129394531], "prompt-89 persona-0": [-267.81561279296875], "prompt-90 persona-0": [-494.8338623046875], "prompt-91 persona-0": [-467.0439147949219], "prompt-92 persona-0": [-266.05499267578125], "prompt-93 persona-0": [-432.5514221191406], "prompt-94 persona-0": [-324.91009521484375], "prompt-95 persona-0": [-260.41668701171875], "prompt-96 persona-0": [-400.84869384765625], "prompt-97 persona-0": [-307.8118591308594], "prompt-98 persona-0": [-342.103515625], "prompt-99 persona-0": [-441.8157958984375], "prompt-0 persona-1": [-367.368408203125], "prompt-1 persona-1": [-443.0721435546875], "prompt-2 persona-1": [-307.5234375], "prompt-3 persona-1": [-438.9058532714844], "prompt-4 persona-1": [-291.7406311035156], "prompt-5 persona-1": [-381.4283447265625], "prompt-6 persona-1": [-508.12860107421875], "prompt-7 persona-1": [-509.0435485839844], "prompt-8 persona-1": [-316.505126953125], "prompt-9 persona-1": [-293.7896728515625], "prompt-10 persona-1": [-342.3812255859375], "prompt-11 persona-1": [-492.45233154296875], "prompt-12 persona-1": [-375.3901672363281], "prompt-13 persona-1": [-315.6321105957031], "prompt-14 persona-1": [-288.8470153808594], "prompt-15 persona-1": [-422.86102294921875], "prompt-16 persona-1": [-313.04998779296875], "prompt-17 persona-1": [-282.89044189453125], "prompt-18 persona-1": [-524.4765625], "prompt-19 persona-1": [-404.7212219238281], "prompt-20 persona-1": [-308.03387451171875], "prompt-21 persona-1": [-291.1337890625], "prompt-22 persona-1": [-399.3798522949219], "prompt-23 persona-1": [-284.47979736328125], "prompt-24 persona-1": [-578.0659790039062], "prompt-25 persona-1": [-380.1315002441406], "prompt-26 persona-1": [-297.32501220703125], "prompt-27 persona-1": [-267.91815185546875], "prompt-28 persona-1": [-255.50669860839844], "prompt-29 persona-1": [-194.73626708984375], "prompt-30 persona-1": [-200.02066040039062], "prompt-31 persona-1": [-554.5257568359375], "prompt-32 persona-1": [-593.9618530273438], "prompt-33 persona-1": [-195.900634765625], "prompt-34 persona-1": [-394.9051818847656], "prompt-35 persona-1": [-414.81085205078125], "prompt-36 persona-1": [-480.7314147949219], "prompt-37 persona-1": [-457.7271423339844], "prompt-38 persona-1": [-344.8243713378906], "prompt-39 persona-1": [-350.29736328125], "prompt-40 persona-1": [-99.1688232421875], "prompt-41 persona-1": [-167.76333618164062], "prompt-42 persona-1": [-592.9881591796875], "prompt-43 persona-1": [-537.0660400390625], "prompt-44 persona-1": [-396.2242431640625], "prompt-45 persona-1": [-287.52874755859375], "prompt-46 persona-1": [-358.0359191894531], "prompt-47 persona-1": [-437.7996520996094], "prompt-48 persona-1": [-274.4785461425781], "prompt-49 persona-1": [-418.089599609375], "prompt-50 persona-1": [-456.78863525390625], "prompt-51 persona-1": [-362.6168212890625], "prompt-52 persona-1": [-341.8382568359375], "prompt-53 persona-1": [-443.0317077636719], "prompt-54 persona-1": [-510.0162048339844], "prompt-55 persona-1": [-449.77447509765625], "prompt-56 persona-1": [-399.7125549316406], "prompt-57 persona-1": [-333.00640869140625], "prompt-58 persona-1": [-422.6824035644531], "prompt-59 persona-1": [-422.7061462402344], "prompt-60 persona-1": [-550.4866943359375], "prompt-61 persona-1": [-334.89385986328125], "prompt-62 persona-1": [-220.30667114257812], "prompt-63 persona-1": [-489.88372802734375], "prompt-64 persona-1": [-255.91217041015625], "prompt-65 persona-1": [-344.47564697265625], "prompt-66 persona-1": [-589.23681640625], "prompt-67 persona-1": [-460.735595703125], "prompt-68 persona-1": [-548.463623046875], "prompt-69 persona-1": [-392.4864501953125], "prompt-70 persona-1": [-596.572265625], "prompt-71 persona-1": [-213.10415649414062], "prompt-72 persona-1": [-486.45257568359375], "prompt-73 persona-1": [-508.87451171875], "prompt-74 persona-1": [-229.0403289794922], "prompt-75 persona-1": [-359.1698303222656], "prompt-76 persona-1": [-222.0787353515625], "prompt-77 persona-1": [-478.30316162109375],