{"train/loss": 0.5973, "train/learning_rate": 2.680412371134021e-06, "train/epoch": 0.01, "train/global_step": 65, "_timestamp": 1708387386.9767303, "_runtime": 127.46718740463257, "_step": 12, "_wandb": {"runtime": 131}}