{"train/loss": 0.6823, "train/learning_rate": 2.880658436213992e-06, "train/epoch": 0.01, "train/global_step": 35, "_timestamp": 1708387588.222088, "_runtime": 121.10576105117798, "_step": 6, "_wandb": {"runtime": 130}}