{"train/loss": 0.8689, "train/learning_rate": 1.9545040627715554e-05, "train/epoch": 0.19, "train/global_step": 35, "_timestamp": 1709556608.0133626, "_runtime": 425.0618236064911, "_step": 6}