{
    "prompt-6 persona-1": [
        -314.8083190917969
    ],
    "prompt-6 persona-2": [
        -331.9940185546875
    ],
    "prompt-6 persona-6": [
        -316.5543518066406
    ],
    "prompt-6 persona-7": [
        -241.0342559814453
    ],
    "prompt-6 persona-8": [
        -286.3889465332031
    ],
    "prompt-8 persona-1": [
        -316.0868225097656
    ],
    "prompt-8 persona-2": [
        -333.156982421875
    ],
    "prompt-8 persona-6": [
        -248.8624267578125
    ],
    "prompt-8 persona-7": [
        -224.8632049560547
    ],
    "prompt-8 persona-8": [
        -294.251220703125
    ]
}