{"train/loss": 0.782, "train/learning_rate": 1.578947368421053e-05, "train/epoch": 0.08, "train/global_step": 15, "_timestamp": 1709290689.0513508, "_runtime": 272.7290699481964, "_step": 2}