{"train/loss": 0.5861, "train/learning_rate": 0.0, "train/epoch": 1.0, "train/global_step": 185, "_timestamp": 1710278811.7803159, "_runtime": 7104.583201885223, "_step": 38, "eval/loss": 0.5813413858413696, "eval/runtime": 100.4804, "eval/samples_per_second": 6.22, "eval/steps_per_second": 1.562, "train/train_runtime": 7033.0877, "train/train_samples_per_second": 1.688, "train/train_steps_per_second": 0.026, "train/total_flos": 4.1451723865777766e+17, "train/train_loss": 0.7163797159452696, "_wandb": {"runtime": 7149}}