{"train/loss": 0.6704, "train/learning_rate": 0.0, "train/epoch": 1.0, "train/global_step": 185, "_timestamp": 1709986020.1668746, "_runtime": 6886.3985295295715, "_step": 38, "eval/loss": 0.6774446368217468, "eval/runtime": 97.7989, "eval/samples_per_second": 6.391, "eval/steps_per_second": 1.605, "train/train_runtime": 6818.5124, "train/train_samples_per_second": 1.742, "train/train_steps_per_second": 0.027, "train/total_flos": 4.0344969531683635e+17, "train/train_loss": 0.8057578151290481, "_wandb": {"runtime": 6930}}