{"train/loss": 3.5885, "train/learning_rate": 4.11522633744856e-07, "train/epoch": 0.0, "train/global_step": 5, "_timestamp": 1708386266.7434795, "_runtime": 107.17421245574951, "_step": 0}