{
    "prompt-0 persona-0": [
        -484.4032897949219
    ],
    "prompt-1 persona-0": [
        -213.33084106445312
    ],
    "prompt-2 persona-0": [
        -285.624755859375
    ],
    "prompt-3 persona-0": [
        -282.9869079589844
    ],
    "prompt-4 persona-0": [
        -285.67724609375
    ],
    "prompt-5 persona-0": [
        -279.4777526855469
    ],
    "prompt-6 persona-0": [
        -328.12457275390625
    ],
    "prompt-7 persona-0": [
        -174.718505859375
    ],
    "prompt-8 persona-0": [
        -239.47251892089844
    ],
    "prompt-9 persona-0": [
        -286.7074890136719
    ],
    "prompt-0 persona-1": [
        -415.2101745605469
    ],
    "prompt-1 persona-1": [
        -219.99203491210938
    ],
    "prompt-2 persona-1": [
        -273.1564025878906
    ],
    "prompt-3 persona-1": [
        -364.67620849609375
    ],
    "prompt-4 persona-1": [
        -289.8621520996094
    ],
    "prompt-5 persona-1": [
        -364.0579528808594
    ],
    "prompt-6 persona-1": [
        -389.9322204589844
    ],
    "prompt-7 persona-1": [
        -235.707275390625
    ],
    "prompt-8 persona-1": [
        -282.7836608886719
    ],
    "prompt-9 persona-1": [
        -325.94281005859375
    ],
    "prompt-0 persona-2": [
        -410.44049072265625
    ],
    "prompt-1 persona-2": [
        -202.81503295898438
    ],
    "prompt-2 persona-2": [
        -330.678466796875
    ],
    "prompt-3 persona-2": [
        -401.2257385253906
    ],
    "prompt-4 persona-2": [
        -313.9787902832031
    ],
    "prompt-5 persona-2": [
        -313.8092956542969
    ],
    "prompt-6 persona-2": [
        -360.2637939453125
    ],
    "prompt-7 persona-2": [
        -268.14239501953125
    ],
    "prompt-8 persona-2": [
        -281.5555725097656
    ],
    "prompt-9 persona-2": [
        -292.0625915527344
    ],
    "prompt-0 persona-3": [
        -437.16949462890625
    ],
    "prompt-1 persona-3": [
        -184.43984985351562
    ],
    "prompt-2 persona-3": [
        -275.32391357421875
    ],
    "prompt-3 persona-3": [
        -344.197021484375
    ],
    "prompt-4 persona-3": [
        -263.52069091796875
    ],
    "prompt-5 persona-3": [
        -337.94830322265625
    ],
    "prompt-6 persona-3": [
        -327.2085266113281
    ],
    "prompt-7 persona-3": [
        -289.0185546875
    ],
    "prompt-8 persona-3": [
        -206.82920837402344
    ],
    "prompt-9 persona-3": [
        -357.54833984375
    ],
    "prompt-0 persona-4": [
        -386.33514404296875
    ],
    "prompt-1 persona-4": [
        -228.26187133789062
    ],
    "prompt-2 persona-4": [
        -341.9776306152344
    ],
    "prompt-3 persona-4": [
        -303.38525390625
    ],
    "prompt-4 persona-4": [
        -362.8861083984375
    ],
    "prompt-5 persona-4": [
        -280.7732238769531
    ],
    "prompt-6 persona-4": [
        -295.3772888183594
    ],
    "prompt-7 persona-4": [
        -166.20361328125
    ],
    "prompt-8 persona-4": [
        -262.7780456542969
    ],
    "prompt-9 persona-4": [
        -278.475341796875
    ],
    "prompt-0 persona-5": [
        -356.1595153808594
    ],
    "prompt-1 persona-5": [
        -206.96258544921875
    ],
    "prompt-2 persona-5": [
        -284.13592529296875
    ],
    "prompt-3 persona-5": [
        -360.42816162109375
    ],
    "prompt-4 persona-5": [
        -329.52520751953125
    ],
    "prompt-5 persona-5": [
        -338.80828857421875
    ],
    "prompt-6 persona-5": [
        -304.6564636230469
    ],
    "prompt-7 persona-5": [
        -267.6197204589844
    ],
    "prompt-8 persona-5": [
        -268.317626953125
    ],
    "prompt-9 persona-5": [
        -303.53558349609375
    ],
    "prompt-0 persona-6": [
        -342.0282897949219
    ],
    "prompt-1 persona-6": [
        -176.7471466064453
    ],
    "prompt-2 persona-6": [
        -382.61614990234375
    ],
    "prompt-3 persona-6": [
        -274.25421142578125
    ],
    "prompt-4 persona-6": [
        -306.323486328125
    ],
    "prompt-5 persona-6": [
        -327.6143798828125
    ],
    "prompt-6 persona-6": [
        -354.6643371582031
    ],
    "prompt-7 persona-6": [
        -216.9507598876953
    ],
    "prompt-8 persona-6": [
        -235.066650390625
    ],
    "prompt-9 persona-6": [
        -267.3028564453125
    ],
    "prompt-0 persona-7": [
        -436.4745178222656
    ],
    "prompt-1 persona-7": [
        -189.42388916015625
    ],
    "prompt-2 persona-7": [
        -287.55072021484375
    ],
    "prompt-3 persona-7": [
        -247.68466186523438
    ],
    "prompt-4 persona-7": [
        -258.19854736328125
    ],
    "prompt-5 persona-7": [
        -285.3692626953125
    ],
    "prompt-6 persona-7": [
        -268.59075927734375
    ],
    "prompt-7 persona-7": [
        -249.653076171875
    ],
    "prompt-8 persona-7": [
        -238.88511657714844
    ],
    "prompt-9 persona-7": [
        -265.0133361816406
    ],
    "prompt-0 persona-8": [
        -407.4842529296875
    ],
    "prompt-1 persona-8": [
        -141.17567443847656
    ],
    "prompt-2 persona-8": [
        -246.52154541015625
    ],
    "prompt-3 persona-8": [
        -346.267578125
    ],
    "prompt-4 persona-8": [
        -265.08319091796875
    ],
    "prompt-5 persona-8": [
        -320.27630615234375
    ],
    "prompt-6 persona-8": [
        -262.5798034667969
    ],
    "prompt-7 persona-8": [
        -207.25567626953125
    ],
    "prompt-8 persona-8": [
        -263.7488708496094
    ],
    "prompt-9 persona-8": [
        -311.73919677734375
    ],
    "prompt-0 persona-9": [
        -355.42999267578125
    ],
    "prompt-1 persona-9": [
        -175.3751678466797
    ],
    "prompt-2 persona-9": [
        -314.6197204589844
    ],
    "prompt-3 persona-9": [
        -258.0106506347656
    ],
    "prompt-4 persona-9": [
        -324.22882080078125
    ],
    "prompt-5 persona-9": [
        -302.2026062011719
    ],
    "prompt-6 persona-9": [
        -260.9122314453125
    ],
    "prompt-7 persona-9": [
        -144.29168701171875
    ],
    "prompt-8 persona-9": [
        -252.88365173339844
    ],
    "prompt-9 persona-9": [
        -234.48452758789062
    ]
}