{
    "prompt-0 persona-0": [
        -451.93603515625
    ],
    "prompt-1 persona-0": [
        -201.36233520507812
    ],
    "prompt-2 persona-0": [
        -270.30120849609375
    ],
    "prompt-3 persona-0": [
        -243.98397827148438
    ],
    "prompt-4 persona-0": [
        -307.5535583496094
    ],
    "prompt-5 persona-0": [
        -301.0122375488281
    ],
    "prompt-6 persona-0": [
        -325.39312744140625
    ],
    "prompt-7 persona-0": [
        -174.86241149902344
    ],
    "prompt-8 persona-0": [
        -238.70626831054688
    ],
    "prompt-9 persona-0": [
        -243.27780151367188
    ],
    "prompt-0 persona-1": [
        -320.13861083984375
    ],
    "prompt-1 persona-1": [
        -224.0067138671875
    ],
    "prompt-2 persona-1": [
        -264.818359375
    ],
    "prompt-3 persona-1": [
        -343.83282470703125
    ],
    "prompt-4 persona-1": [
        -348.4558410644531
    ],
    "prompt-5 persona-1": [
        -365.6221008300781
    ],
    "prompt-6 persona-1": [
        -337.89263916015625
    ],
    "prompt-7 persona-1": [
        -220.3741455078125
    ],
    "prompt-8 persona-1": [
        -305.4227294921875
    ],
    "prompt-9 persona-1": [
        -257.4327697753906
    ],
    "prompt-0 persona-2": [
        -341.58123779296875
    ],
    "prompt-1 persona-2": [
        -189.23472595214844
    ],
    "prompt-2 persona-2": [
        -331.9491882324219
    ],
    "prompt-3 persona-2": [
        -362.2530212402344
    ],
    "prompt-4 persona-2": [
        -303.6128234863281
    ],
    "prompt-5 persona-2": [
        -305.3979187011719
    ],
    "prompt-6 persona-2": [
        -323.44403076171875
    ],
    "prompt-7 persona-2": [
        -241.0264892578125
    ],
    "prompt-8 persona-2": [
        -303.24383544921875
    ],
    "prompt-9 persona-2": [
        -275.3180236816406
    ],
    "prompt-0 persona-3": [
        -369.8468017578125
    ],
    "prompt-1 persona-3": [
        -194.72381591796875
    ],
    "prompt-2 persona-3": [
        -304.42333984375
    ],
    "prompt-3 persona-3": [
        -333.238525390625
    ],
    "prompt-4 persona-3": [
        -318.9322509765625
    ],
    "prompt-5 persona-3": [
        -323.37652587890625
    ],
    "prompt-6 persona-3": [
        -322.6187744140625
    ],
    "prompt-7 persona-3": [
        -228.83180236816406
    ],
    "prompt-8 persona-3": [
        -226.21482849121094
    ],
    "prompt-9 persona-3": [
        -305.00030517578125
    ],
    "prompt-0 persona-4": [
        -351.0290222167969
    ],
    "prompt-1 persona-4": [
        -213.45663452148438
    ],
    "prompt-2 persona-4": [
        -326.1736145019531
    ],
    "prompt-3 persona-4": [
        -271.01885986328125
    ],
    "prompt-4 persona-4": [
        -374.6915283203125
    ],
    "prompt-5 persona-4": [
        -277.2185974121094
    ],
    "prompt-6 persona-4": [
        -272.9537353515625
    ],
    "prompt-7 persona-4": [
        -178.49154663085938
    ],
    "prompt-8 persona-4": [
        -264.45770263671875
    ],
    "prompt-9 persona-4": [
        -256.0252990722656
    ],
    "prompt-0 persona-5": [
        -301.99639892578125
    ],
    "prompt-1 persona-5": [
        -207.8275909423828
    ],
    "prompt-2 persona-5": [
        -320.4163513183594
    ],
    "prompt-3 persona-5": [
        -343.2738037109375
    ],
    "prompt-4 persona-5": [
        -329.5854797363281
    ],
    "prompt-5 persona-5": [
        -366.7826232910156
    ],
    "prompt-6 persona-5": [
        -284.7253723144531
    ],
    "prompt-7 persona-5": [
        -280.1505432128906
    ],
    "prompt-8 persona-5": [
        -287.9967956542969
    ],
    "prompt-9 persona-5": [
        -287.08905029296875
    ],
    "prompt-0 persona-6": [
        -292.30718994140625
    ],
    "prompt-1 persona-6": [
        -145.6960906982422
    ],
    "prompt-2 persona-6": [
        -361.27032470703125
    ],
    "prompt-3 persona-6": [
        -257.3970031738281
    ],
    "prompt-4 persona-6": [
        -316.3995361328125
    ],
    "prompt-5 persona-6": [
        -365.39862060546875
    ],
    "prompt-6 persona-6": [
        -321.02239990234375
    ],
    "prompt-7 persona-6": [
        -206.23098754882812
    ],
    "prompt-8 persona-6": [
        -256.9139709472656
    ],
    "prompt-9 persona-6": [
        -253.65081787109375
    ],
    "prompt-0 persona-7": [
        -357.7110595703125
    ],
    "prompt-1 persona-7": [
        -216.1409912109375
    ],
    "prompt-2 persona-7": [
        -301.9906921386719
    ],
    "prompt-3 persona-7": [
        -255.90142822265625
    ],
    "prompt-4 persona-7": [
        -294.2037658691406
    ],
    "prompt-5 persona-7": [
        -270.0103759765625
    ],
    "prompt-6 persona-7": [
        -279.88812255859375
    ],
    "prompt-7 persona-7": [
        -216.697998046875
    ],
    "prompt-8 persona-7": [
        -215.0333709716797
    ],
    "prompt-9 persona-7": [
        -231.2345428466797
    ],
    "prompt-0 persona-8": [
        -361.7012939453125
    ],
    "prompt-1 persona-8": [
        -153.5327606201172
    ],
    "prompt-2 persona-8": [
        -250.79344177246094
    ],
    "prompt-3 persona-8": [
        -344.2344970703125
    ],
    "prompt-4 persona-8": [
        -275.8511962890625
    ],
    "prompt-5 persona-8": [
        -318.8810729980469
    ],
    "prompt-6 persona-8": [
        -247.88182067871094
    ],
    "prompt-7 persona-8": [
        -221.41036987304688
    ],
    "prompt-8 persona-8": [
        -273.44354248046875
    ],
    "prompt-9 persona-8": [
        -332.1210632324219
    ],
    "prompt-0 persona-9": [
        -303.51220703125
    ],
    "prompt-1 persona-9": [
        -153.18124389648438
    ],
    "prompt-2 persona-9": [
        -282.4407653808594
    ],
    "prompt-3 persona-9": [
        -263.88055419921875
    ],
    "prompt-4 persona-9": [
        -280.23541259765625
    ],
    "prompt-5 persona-9": [
        -337.0160827636719
    ],
    "prompt-6 persona-9": [
        -231.89019775390625
    ],
    "prompt-7 persona-9": [
        -154.78802490234375
    ],
    "prompt-8 persona-9": [
        -231.3756866455078
    ],
    "prompt-9 persona-9": [
        -239.6402587890625
    ]
}