{
    "prompt-0 persona-0": [
        -493.4574279785156
    ],
    "prompt-1 persona-0": [
        -249.37181091308594
    ],
    "prompt-2 persona-0": [
        -342.3624267578125
    ],
    "prompt-3 persona-0": [
        -259.7023010253906
    ],
    "prompt-4 persona-0": [
        -330.6915588378906
    ],
    "prompt-5 persona-0": [
        -364.5274963378906
    ],
    "prompt-6 persona-0": [
        -416.86846923828125
    ],
    "prompt-7 persona-0": [
        -322.496826171875
    ],
    "prompt-8 persona-0": [
        -251.8361053466797
    ],
    "prompt-9 persona-0": [
        -341.8983459472656
    ],
    "prompt-0 persona-1": [
        -387.029541015625
    ],
    "prompt-1 persona-1": [
        -250.66555786132812
    ],
    "prompt-2 persona-1": [
        -342.02972412109375
    ],
    "prompt-3 persona-1": [
        -333.91265869140625
    ],
    "prompt-4 persona-1": [
        -365.5072326660156
    ],
    "prompt-5 persona-1": [
        -382.95452880859375
    ],
    "prompt-6 persona-1": [
        -362.440185546875
    ],
    "prompt-7 persona-1": [
        -335.3248291015625
    ],
    "prompt-8 persona-1": [
        -324.3380126953125
    ],
    "prompt-9 persona-1": [
        -338.5748291015625
    ],
    "prompt-0 persona-2": [
        -424.26092529296875
    ],
    "prompt-1 persona-2": [
        -206.66583251953125
    ],
    "prompt-2 persona-2": [
        -396.7509765625
    ],
    "prompt-3 persona-2": [
        -391.149169921875
    ],
    "prompt-4 persona-2": [
        -328.708740234375
    ],
    "prompt-5 persona-2": [
        -365.5873718261719
    ],
    "prompt-6 persona-2": [
        -391.4217529296875
    ],
    "prompt-7 persona-2": [
        -342.780517578125
    ],
    "prompt-8 persona-2": [
        -331.61181640625
    ],
    "prompt-9 persona-2": [
        -352.7060241699219
    ],
    "prompt-0 persona-3": [
        -421.7186584472656
    ],
    "prompt-1 persona-3": [
        -217.50228881835938
    ],
    "prompt-2 persona-3": [
        -353.7840576171875
    ],
    "prompt-3 persona-3": [
        -355.0091552734375
    ],
    "prompt-4 persona-3": [
        -342.1728210449219
    ],
    "prompt-5 persona-3": [
        -400.0350036621094
    ],
    "prompt-6 persona-3": [
        -405.48944091796875
    ],
    "prompt-7 persona-3": [
        -323.67181396484375
    ],
    "prompt-8 persona-3": [
        -300.7480163574219
    ],
    "prompt-9 persona-3": [
        -383.977294921875
    ],
    "prompt-0 persona-4": [
        -407.6355285644531
    ],
    "prompt-1 persona-4": [
        -336.2367248535156
    ],
    "prompt-2 persona-4": [
        -344.7088623046875
    ],
    "prompt-3 persona-4": [
        -300.8536376953125
    ],
    "prompt-4 persona-4": [
        -410.1863098144531
    ],
    "prompt-5 persona-4": [
        -361.65008544921875
    ],
    "prompt-6 persona-4": [
        -432.13092041015625
    ],
    "prompt-7 persona-4": [
        -290.34442138671875
    ],
    "prompt-8 persona-4": [
        -318.93438720703125
    ],
    "prompt-9 persona-4": [
        -384.0681457519531
    ],
    "prompt-0 persona-5": [
        -356.0933837890625
    ],
    "prompt-1 persona-5": [
        -253.8162384033203
    ],
    "prompt-2 persona-5": [
        -401.3340148925781
    ],
    "prompt-3 persona-5": [
        -339.9039611816406
    ],
    "prompt-4 persona-5": [
        -364.07525634765625
    ],
    "prompt-5 persona-5": [
        -436.29168701171875
    ],
    "prompt-6 persona-5": [
        -354.32501220703125
    ],
    "prompt-7 persona-5": [
        -357.791015625
    ],
    "prompt-8 persona-5": [
        -314.2408447265625
    ],
    "prompt-9 persona-5": [
        -373.8229675292969
    ],
    "prompt-0 persona-6": [
        -359.53900146484375
    ],
    "prompt-1 persona-6": [
        -193.2626190185547
    ],
    "prompt-2 persona-6": [
        -450.1438293457031
    ],
    "prompt-3 persona-6": [
        -285.2388610839844
    ],
    "prompt-4 persona-6": [
        -330.2776184082031
    ],
    "prompt-5 persona-6": [
        -405.5145568847656
    ],
    "prompt-6 persona-6": [
        -373.41241455078125
    ],
    "prompt-7 persona-6": [
        -306.9277648925781
    ],
    "prompt-8 persona-6": [
        -302.8594055175781
    ],
    "prompt-9 persona-6": [
        -312.7760314941406
    ],
    "prompt-0 persona-7": [
        -468.6480407714844
    ],
    "prompt-1 persona-7": [
        -227.041748046875
    ],
    "prompt-2 persona-7": [
        -315.88397216796875
    ],
    "prompt-3 persona-7": [
        -308.0394287109375
    ],
    "prompt-4 persona-7": [
        -281.1072082519531
    ],
    "prompt-5 persona-7": [
        -324.74078369140625
    ],
    "prompt-6 persona-7": [
        -329.4005432128906
    ],
    "prompt-7 persona-7": [
        -342.4603576660156
    ],
    "prompt-8 persona-7": [
        -258.4346923828125
    ],
    "prompt-9 persona-7": [
        -306.4106750488281
    ],
    "prompt-0 persona-8": [
        -445.0359191894531
    ],
    "prompt-1 persona-8": [
        -181.0874786376953
    ],
    "prompt-2 persona-8": [
        -280.87042236328125
    ],
    "prompt-3 persona-8": [
        -336.8459777832031
    ],
    "prompt-4 persona-8": [
        -323.1127624511719
    ],
    "prompt-5 persona-8": [
        -379.3431701660156
    ],
    "prompt-6 persona-8": [
        -335.8119812011719
    ],
    "prompt-7 persona-8": [
        -300.1997375488281
    ],
    "prompt-8 persona-8": [
        -312.4513244628906
    ],
    "prompt-9 persona-8": [
        -362.55194091796875
    ],
    "prompt-0 persona-9": [
        -384.5837097167969
    ],
    "prompt-1 persona-9": [
        -233.47727966308594
    ],
    "prompt-2 persona-9": [
        -381.8975830078125
    ],
    "prompt-3 persona-9": [
        -320.8974304199219
    ],
    "prompt-4 persona-9": [
        -321.84197998046875
    ],
    "prompt-5 persona-9": [
        -355.64434814453125
    ],
    "prompt-6 persona-9": [
        -339.83477783203125
    ],
    "prompt-7 persona-9": [
        -236.33802795410156
    ],
    "prompt-8 persona-9": [
        -296.90753173828125
    ],
    "prompt-9 persona-9": [
        -343.1794738769531
    ]
}