{
    "prompt-0 persona-0": [
        -493.4749755859375
    ],
    "prompt-1 persona-0": [
        -263.7169494628906
    ],
    "prompt-2 persona-0": [
        -338.35931396484375
    ],
    "prompt-3 persona-0": [
        -246.7382049560547
    ],
    "prompt-4 persona-0": [
        -329.78582763671875
    ],
    "prompt-5 persona-0": [
        -357.6383972167969
    ],
    "prompt-6 persona-0": [
        -386.5714111328125
    ],
    "prompt-7 persona-0": [
        -310.32330322265625
    ],
    "prompt-8 persona-0": [
        -258.291015625
    ],
    "prompt-9 persona-0": [
        -324.70709228515625
    ],
    "prompt-0 persona-1": [
        -377.2417297363281
    ],
    "prompt-1 persona-1": [
        -247.42759704589844
    ],
    "prompt-2 persona-1": [
        -350.758056640625
    ],
    "prompt-3 persona-1": [
        -324.6134338378906
    ],
    "prompt-4 persona-1": [
        -382.3074645996094
    ],
    "prompt-5 persona-1": [
        -406.4141540527344
    ],
    "prompt-6 persona-1": [
        -381.1983947753906
    ],
    "prompt-7 persona-1": [
        -346.9701232910156
    ],
    "prompt-8 persona-1": [
        -338.6862487792969
    ],
    "prompt-9 persona-1": [
        -344.5167541503906
    ],
    "prompt-0 persona-2": [
        -399.67254638671875
    ],
    "prompt-1 persona-2": [
        -220.33465576171875
    ],
    "prompt-2 persona-2": [
        -402.2270812988281
    ],
    "prompt-3 persona-2": [
        -387.0647277832031
    ],
    "prompt-4 persona-2": [
        -326.5688171386719
    ],
    "prompt-5 persona-2": [
        -370.32220458984375
    ],
    "prompt-6 persona-2": [
        -350.6483154296875
    ],
    "prompt-7 persona-2": [
        -329.5657043457031
    ],
    "prompt-8 persona-2": [
        -319.02984619140625
    ],
    "prompt-9 persona-2": [
        -366.8092346191406
    ],
    "prompt-0 persona-3": [
        -441.9846496582031
    ],
    "prompt-1 persona-3": [
        -229.4364471435547
    ],
    "prompt-2 persona-3": [
        -360.6871032714844
    ],
    "prompt-3 persona-3": [
        -358.91888427734375
    ],
    "prompt-4 persona-3": [
        -355.8779602050781
    ],
    "prompt-5 persona-3": [
        -417.559814453125
    ],
    "prompt-6 persona-3": [
        -415.3911437988281
    ],
    "prompt-7 persona-3": [
        -325.49627685546875
    ],
    "prompt-8 persona-3": [
        -289.4679260253906
    ],
    "prompt-9 persona-3": [
        -383.7223815917969
    ],
    "prompt-0 persona-4": [
        -424.56414794921875
    ],
    "prompt-1 persona-4": [
        -322.3544921875
    ],
    "prompt-2 persona-4": [
        -353.423828125
    ],
    "prompt-3 persona-4": [
        -291.10369873046875
    ],
    "prompt-4 persona-4": [
        -392.6072692871094
    ],
    "prompt-5 persona-4": [
        -364.59381103515625
    ],
    "prompt-6 persona-4": [
        -417.7436218261719
    ],
    "prompt-7 persona-4": [
        -285.16864013671875
    ],
    "prompt-8 persona-4": [
        -332.0844421386719
    ],
    "prompt-9 persona-4": [
        -391.7364501953125
    ],
    "prompt-0 persona-5": [
        -355.0826721191406
    ],
    "prompt-1 persona-5": [
        -262.38726806640625
    ],
    "prompt-2 persona-5": [
        -414.62347412109375
    ],
    "prompt-3 persona-5": [
        -333.03009033203125
    ],
    "prompt-4 persona-5": [
        -357.498291015625
    ],
    "prompt-5 persona-5": [
        -447.9076843261719
    ],
    "prompt-6 persona-5": [
        -334.996826171875
    ],
    "prompt-7 persona-5": [
        -368.79559326171875
    ],
    "prompt-8 persona-5": [
        -323.608154296875
    ],
    "prompt-9 persona-5": [
        -377.2873229980469
    ],
    "prompt-0 persona-6": [
        -367.4942321777344
    ],
    "prompt-1 persona-6": [
        -190.38772583007812
    ],
    "prompt-2 persona-6": [
        -434.8377685546875
    ],
    "prompt-3 persona-6": [
        -300.18426513671875
    ],
    "prompt-4 persona-6": [
        -332.1749267578125
    ],
    "prompt-5 persona-6": [
        -421.8703918457031
    ],
    "prompt-6 persona-6": [
        -377.76776123046875
    ],
    "prompt-7 persona-6": [
        -321.331298828125
    ],
    "prompt-8 persona-6": [
        -285.4883117675781
    ],
    "prompt-9 persona-6": [
        -296.1507873535156
    ],
    "prompt-0 persona-7": [
        -485.4862976074219
    ],
    "prompt-1 persona-7": [
        -231.97781372070312
    ],
    "prompt-2 persona-7": [
        -317.0732421875
    ],
    "prompt-3 persona-7": [
        -310.22454833984375
    ],
    "prompt-4 persona-7": [
        -276.4851989746094
    ],
    "prompt-5 persona-7": [
        -358.5182189941406
    ],
    "prompt-6 persona-7": [
        -318.2855529785156
    ],
    "prompt-7 persona-7": [
        -343.6121826171875
    ],
    "prompt-8 persona-7": [
        -247.87771606445312
    ],
    "prompt-9 persona-7": [
        -292.8590087890625
    ],
    "prompt-0 persona-8": [
        -449.7012023925781
    ],
    "prompt-1 persona-8": [
        -186.88148498535156
    ],
    "prompt-2 persona-8": [
        -274.5094299316406
    ],
    "prompt-3 persona-8": [
        -320.6220703125
    ],
    "prompt-4 persona-8": [
        -304.13848876953125
    ],
    "prompt-5 persona-8": [
        -375.2323303222656
    ],
    "prompt-6 persona-8": [
        -324.02374267578125
    ],
    "prompt-7 persona-8": [
        -287.8447570800781
    ],
    "prompt-8 persona-8": [
        -302.7696533203125
    ],
    "prompt-9 persona-8": [
        -367.4577331542969
    ],
    "prompt-0 persona-9": [
        -398.0489501953125
    ],
    "prompt-1 persona-9": [
        -242.94720458984375
    ],
    "prompt-2 persona-9": [
        -395.693115234375
    ],
    "prompt-3 persona-9": [
        -296.1512756347656
    ],
    "prompt-4 persona-9": [
        -318.84747314453125
    ],
    "prompt-5 persona-9": [
        -387.532470703125
    ],
    "prompt-6 persona-9": [
        -345.0528564453125
    ],
    "prompt-7 persona-9": [
        -240.85118103027344
    ],
    "prompt-8 persona-9": [
        -298.3760681152344
    ],
    "prompt-9 persona-9": [
        -339.9422607421875
    ]
}