{"train/loss": 0.6585, "train/learning_rate": 0.0, "train/epoch": 1.0, "train/global_step": 185, "_timestamp": 1710399940.0558956, "_runtime": 2681.3959126472473, "_step": 38, "eval/loss": 0.672939658164978, "eval/runtime": 44.9013, "eval/samples_per_second": 13.919, "eval/steps_per_second": 3.497, "train/train_runtime": 2620.3649, "train/train_samples_per_second": 4.532, "train/train_steps_per_second": 0.071, "train/total_flos": 4.1174834761639526e+17, "train/train_loss": 0.8028913897437018, "_wandb": {"runtime": 2729}}