{"prompt-0 persona-0": [-513.7576293945312], "prompt-1 persona-0": [-210.71432495117188], "prompt-2 persona-0": [-374.2427673339844], "prompt-3 persona-0": [-325.7351379394531], "prompt-4 persona-0": [-353.32257080078125], "prompt-5 persona-0": [-305.8553161621094], "prompt-6 persona-0": [-350.32037353515625], "prompt-7 persona-0": [-189.33718872070312], "prompt-8 persona-0": [-235.8494110107422], "prompt-9 persona-0": [-305.59906005859375], "prompt-0 persona-1": [-351.821044921875], "prompt-1 persona-1": [-237.42108154296875], "prompt-2 persona-1": [-364.878662109375], "prompt-3 persona-1": [-516.94775390625], "prompt-4 persona-1": [-435.1317138671875], "prompt-5 persona-1": [-372.7703857421875], "prompt-6 persona-1": [-334.5359191894531], "prompt-7 persona-1": [-238.26895141601562], "prompt-8 persona-1": [-348.83026123046875], "prompt-9 persona-1": [-299.8043518066406], "prompt-0 persona-2": [-393.3901672363281], "prompt-1 persona-2": [-201.57968139648438], "prompt-2 persona-2": [-400.216552734375], "prompt-3 persona-2": [-523.9915771484375], "prompt-4 persona-2": [-346.12615966796875], "prompt-5 persona-2": [-354.563232421875], "prompt-6 persona-2": [-432.1179504394531], "prompt-7 persona-2": [-259.4119873046875], "prompt-8 persona-2": [-327.5915832519531], "prompt-9 persona-2": [-342.1181640625], "prompt-0 persona-3": [-423.7662048339844], "prompt-1 persona-3": [-196.4823455810547], "prompt-2 persona-3": [-342.3218078613281], "prompt-3 persona-3": [-391.8076171875], "prompt-4 persona-3": [-359.77288818359375], "prompt-5 persona-3": [-332.5877685546875], "prompt-6 persona-3": [-365.358154296875], "prompt-7 persona-3": [-267.81524658203125], "prompt-8 persona-3": [-249.044189453125], "prompt-9 persona-3": [-343.37384033203125], "prompt-0 persona-4": [-403.37957763671875], "prompt-1 persona-4": [-252.7272491455078], "prompt-2 persona-4": [-381.744384765625], "prompt-3 persona-4": [-346.07427978515625], "prompt-4 persona-4": [-447.6888732910156], "prompt-5 persona-4": [-279.9188232421875], "prompt-6 persona-4": [-352.98663330078125], "prompt-7 persona-4": [-206.64852905273438], "prompt-8 persona-4": [-327.5888366699219], "prompt-9 persona-4": [-280.8653564453125], "prompt-0 persona-5": [-332.8021240234375], "prompt-1 persona-5": [-231.7235107421875], "prompt-2 persona-5": [-364.10833740234375], "prompt-3 persona-5": [-427.2823791503906], "prompt-4 persona-5": [-361.02398681640625], "prompt-5 persona-5": [-377.19744873046875], "prompt-6 persona-5": [-303.18341064453125], "prompt-7 persona-5": [-351.8740234375], "prompt-8 persona-5": [-338.9339294433594], "prompt-9 persona-5": [-342.09893798828125], "prompt-0 persona-6": [-328.4153137207031], "prompt-1 persona-6": [-149.0017547607422], "prompt-2 persona-6": [-397.04559326171875], "prompt-3 persona-6": [-313.19549560546875], "prompt-4 persona-6": [-391.6610107421875], "prompt-5 persona-6": [-391.4010925292969], "prompt-6 persona-6": [-380.1330871582031], "prompt-7 persona-6": [-215.0065460205078], "prompt-8 persona-6": [-261.96929931640625], "prompt-9 persona-6": [-295.8522644042969], "prompt-0 persona-7": [-386.5926208496094], "prompt-1 persona-7": [-220.23121643066406], "prompt-2 persona-7": [-358.60430908203125], "prompt-3 persona-7": [-325.0511474609375], "prompt-4 persona-7": [-351.3159484863281], "prompt-5 persona-7": [-274.19415283203125], "prompt-6 persona-7": [-312.21612548828125], "prompt-7 persona-7": [-285.83880615234375], "prompt-8 persona-7": [-305.9240417480469], "prompt-9 persona-7": [-256.2673645019531], "prompt-0 persona-8": [-420.2742614746094], "prompt-1 persona-8": [-153.4525146484375], "prompt-2 persona-8": [-278.46868896484375], "prompt-3 persona-8": [-397.6644592285156], "prompt-4 persona-8": [-350.0525817871094], "prompt-5 persona-8": [-303.742431640625], "prompt-6 persona-8": [-333.2342224121094], "prompt-7 persona-8": [-230.87351989746094], "prompt-8 persona-8": [-350.423095703125], "prompt-9 persona-8": [-369.6266784667969], "prompt-0 persona-9": [-345.1736145019531], "prompt-1 persona-9": [-150.4974365234375], "prompt-2 persona-9": [-396.01373291015625], "prompt-3 persona-9": [-332.09893798828125], "prompt-4 persona-9": [-329.13397216796875], "prompt-5 persona-9": [-346.21954345703125], "prompt-6 persona-9": [-297.89971923828125], "prompt-7 persona-9": [-168.13612365722656], "prompt-8 persona-9": [-246.2967529296875], "prompt-9 persona-9": [-253.15626525878906]}