{
    "prompt-0 persona-0": [
        -513.2977294921875
    ],
    "prompt-1 persona-0": [
        -241.1175994873047
    ],
    "prompt-2 persona-0": [
        -403.10504150390625
    ],
    "prompt-3 persona-0": [
        -335.1019592285156
    ],
    "prompt-4 persona-0": [
        -373.0489501953125
    ],
    "prompt-5 persona-0": [
        -320.5546875
    ],
    "prompt-6 persona-0": [
        -392.76416015625
    ],
    "prompt-7 persona-0": [
        -214.55715942382812
    ],
    "prompt-8 persona-0": [
        -257.5560302734375
    ],
    "prompt-9 persona-0": [
        -320.3924560546875
    ],
    "prompt-0 persona-1": [
        -357.9038391113281
    ],
    "prompt-1 persona-1": [
        -239.70938110351562
    ],
    "prompt-2 persona-1": [
        -371.1676025390625
    ],
    "prompt-3 persona-1": [
        -517.9572143554688
    ],
    "prompt-4 persona-1": [
        -437.0964050292969
    ],
    "prompt-5 persona-1": [
        -391.8155517578125
    ],
    "prompt-6 persona-1": [
        -349.3970642089844
    ],
    "prompt-7 persona-1": [
        -254.630615234375
    ],
    "prompt-8 persona-1": [
        -370.73779296875
    ],
    "prompt-9 persona-1": [
        -316.5697326660156
    ],
    "prompt-0 persona-2": [
        -399.8984680175781
    ],
    "prompt-1 persona-2": [
        -205.1696014404297
    ],
    "prompt-2 persona-2": [
        -401.9601745605469
    ],
    "prompt-3 persona-2": [
        -530.2835693359375
    ],
    "prompt-4 persona-2": [
        -359.13311767578125
    ],
    "prompt-5 persona-2": [
        -366.2281188964844
    ],
    "prompt-6 persona-2": [
        -448.6889343261719
    ],
    "prompt-7 persona-2": [
        -285.894775390625
    ],
    "prompt-8 persona-2": [
        -333.1775817871094
    ],
    "prompt-9 persona-2": [
        -347.4430236816406
    ],
    "prompt-0 persona-3": [
        -433.0162353515625
    ],
    "prompt-1 persona-3": [
        -203.0492706298828
    ],
    "prompt-2 persona-3": [
        -347.3816833496094
    ],
    "prompt-3 persona-3": [
        -395.0731201171875
    ],
    "prompt-4 persona-3": [
        -367.7699279785156
    ],
    "prompt-5 persona-3": [
        -349.9942321777344
    ],
    "prompt-6 persona-3": [
        -382.8537902832031
    ],
    "prompt-7 persona-3": [
        -285.1248779296875
    ],
    "prompt-8 persona-3": [
        -258.59710693359375
    ],
    "prompt-9 persona-3": [
        -351.2018737792969
    ],
    "prompt-0 persona-4": [
        -415.0820007324219
    ],
    "prompt-1 persona-4": [
        -279.8125915527344
    ],
    "prompt-2 persona-4": [
        -415.9640808105469
    ],
    "prompt-3 persona-4": [
        -350.5420227050781
    ],
    "prompt-4 persona-4": [
        -473.8971252441406
    ],
    "prompt-5 persona-4": [
        -292.6686706542969
    ],
    "prompt-6 persona-4": [
        -374.6390380859375
    ],
    "prompt-7 persona-4": [
        -226.60455322265625
    ],
    "prompt-8 persona-4": [
        -349.3280029296875
    ],
    "prompt-9 persona-4": [
        -305.2861328125
    ],
    "prompt-0 persona-5": [
        -337.95953369140625
    ],
    "prompt-1 persona-5": [
        -243.277587890625
    ],
    "prompt-2 persona-5": [
        -396.2099914550781
    ],
    "prompt-3 persona-5": [
        -436.51568603515625
    ],
    "prompt-4 persona-5": [
        -383.82208251953125
    ],
    "prompt-5 persona-5": [
        -405.8354797363281
    ],
    "prompt-6 persona-5": [
        -315.0709533691406
    ],
    "prompt-7 persona-5": [
        -358.5144958496094
    ],
    "prompt-8 persona-5": [
        -358.6279296875
    ],
    "prompt-9 persona-5": [
        -388.15093994140625
    ],
    "prompt-0 persona-6": [
        -344.8123474121094
    ],
    "prompt-1 persona-6": [
        -169.85916137695312
    ],
    "prompt-2 persona-6": [
        -420.51495361328125
    ],
    "prompt-3 persona-6": [
        -329.5132751464844
    ],
    "prompt-4 persona-6": [
        -409.4873046875
    ],
    "prompt-5 persona-6": [
        -402.6399841308594
    ],
    "prompt-6 persona-6": [
        -389.7152099609375
    ],
    "prompt-7 persona-6": [
        -236.78187561035156
    ],
    "prompt-8 persona-6": [
        -303.161376953125
    ],
    "prompt-9 persona-6": [
        -302.7663269042969
    ],
    "prompt-0 persona-7": [
        -392.0075378417969
    ],
    "prompt-1 persona-7": [
        -227.4301300048828
    ],
    "prompt-2 persona-7": [
        -386.32415771484375
    ],
    "prompt-3 persona-7": [
        -331.5227966308594
    ],
    "prompt-4 persona-7": [
        -343.1324157714844
    ],
    "prompt-5 persona-7": [
        -304.48980712890625
    ],
    "prompt-6 persona-7": [
        -332.93988037109375
    ],
    "prompt-7 persona-7": [
        -298.16607666015625
    ],
    "prompt-8 persona-7": [
        -307.7544250488281
    ],
    "prompt-9 persona-7": [
        -264.5996398925781
    ],
    "prompt-0 persona-8": [
        -437.99285888671875
    ],
    "prompt-1 persona-8": [
        -160.45848083496094
    ],
    "prompt-2 persona-8": [
        -291.099365234375
    ],
    "prompt-3 persona-8": [
        -414.878173828125
    ],
    "prompt-4 persona-8": [
        -358.56768798828125
    ],
    "prompt-5 persona-8": [
        -308.98370361328125
    ],
    "prompt-6 persona-8": [
        -341.17327880859375
    ],
    "prompt-7 persona-8": [
        -228.45823669433594
    ],
    "prompt-8 persona-8": [
        -363.296142578125
    ],
    "prompt-9 persona-8": [
        -385.0504455566406
    ],
    "prompt-0 persona-9": [
        -354.0556335449219
    ],
    "prompt-1 persona-9": [
        -162.6089630126953
    ],
    "prompt-2 persona-9": [
        -404.15576171875
    ],
    "prompt-3 persona-9": [
        -343.40655517578125
    ],
    "prompt-4 persona-9": [
        -362.87713623046875
    ],
    "prompt-5 persona-9": [
        -358.9684753417969
    ],
    "prompt-6 persona-9": [
        -310.91925048828125
    ],
    "prompt-7 persona-9": [
        -182.45211791992188
    ],
    "prompt-8 persona-9": [
        -254.96353149414062
    ],
    "prompt-9 persona-9": [
        -266.99981689453125
    ]
}