{
    "prompt-0 persona-0": [
        -545.5966796875
    ],
    "prompt-1 persona-0": [
        -235.47286987304688
    ],
    "prompt-2 persona-0": [
        -426.8399658203125
    ],
    "prompt-3 persona-0": [
        -312.0465393066406
    ],
    "prompt-4 persona-0": [
        -357.91436767578125
    ],
    "prompt-5 persona-0": [
        -309.32855224609375
    ],
    "prompt-6 persona-0": [
        -377.8270263671875
    ],
    "prompt-7 persona-0": [
        -181.87796020507812
    ],
    "prompt-8 persona-0": [
        -322.6319274902344
    ],
    "prompt-9 persona-0": [
        -320.28045654296875
    ],
    "prompt-0 persona-1": [
        -439.236328125
    ],
    "prompt-1 persona-1": [
        -229.455078125
    ],
    "prompt-2 persona-1": [
        -392.6407165527344
    ],
    "prompt-3 persona-1": [
        -536.7805786132812
    ],
    "prompt-4 persona-1": [
        -370.443359375
    ],
    "prompt-5 persona-1": [
        -398.91253662109375
    ],
    "prompt-6 persona-1": [
        -448.3404541015625
    ],
    "prompt-7 persona-1": [
        -267.7370910644531
    ],
    "prompt-8 persona-1": [
        -359.3785705566406
    ],
    "prompt-9 persona-1": [
        -374.5683288574219
    ],
    "prompt-0 persona-2": [
        -458.6685791015625
    ],
    "prompt-1 persona-2": [
        -211.20541381835938
    ],
    "prompt-2 persona-2": [
        -432.8843078613281
    ],
    "prompt-3 persona-2": [
        -521.4468994140625
    ],
    "prompt-4 persona-2": [
        -357.244873046875
    ],
    "prompt-5 persona-2": [
        -355.1252746582031
    ],
    "prompt-6 persona-2": [
        -465.6387939453125
    ],
    "prompt-7 persona-2": [
        -282.94549560546875
    ],
    "prompt-8 persona-2": [
        -398.3132629394531
    ],
    "prompt-9 persona-2": [
        -372.72662353515625
    ],
    "prompt-0 persona-3": [
        -476.4566345214844
    ],
    "prompt-1 persona-3": [
        -186.23519897460938
    ],
    "prompt-2 persona-3": [
        -341.83966064453125
    ],
    "prompt-3 persona-3": [
        -380.9668273925781
    ],
    "prompt-4 persona-3": [
        -348.6638488769531
    ],
    "prompt-5 persona-3": [
        -367.4510192871094
    ],
    "prompt-6 persona-3": [
        -376.08050537109375
    ],
    "prompt-7 persona-3": [
        -330.18377685546875
    ],
    "prompt-8 persona-3": [
        -260.9488220214844
    ],
    "prompt-9 persona-3": [
        -403.52716064453125
    ],
    "prompt-0 persona-4": [
        -427.30072021484375
    ],
    "prompt-1 persona-4": [
        -265.5584716796875
    ],
    "prompt-2 persona-4": [
        -367.35003662109375
    ],
    "prompt-3 persona-4": [
        -323.3872375488281
    ],
    "prompt-4 persona-4": [
        -435.65814208984375
    ],
    "prompt-5 persona-4": [
        -305.1235656738281
    ],
    "prompt-6 persona-4": [
        -336.4730224609375
    ],
    "prompt-7 persona-4": [
        -183.5250701904297
    ],
    "prompt-8 persona-4": [
        -342.5616149902344
    ],
    "prompt-9 persona-4": [
        -346.61163330078125
    ],
    "prompt-0 persona-5": [
        -372.2281494140625
    ],
    "prompt-1 persona-5": [
        -246.52142333984375
    ],
    "prompt-2 persona-5": [
        -329.1858825683594
    ],
    "prompt-3 persona-5": [
        -441.70355224609375
    ],
    "prompt-4 persona-5": [
        -354.8143615722656
    ],
    "prompt-5 persona-5": [
        -361.2972717285156
    ],
    "prompt-6 persona-5": [
        -351.4816589355469
    ],
    "prompt-7 persona-5": [
        -319.32427978515625
    ],
    "prompt-8 persona-5": [
        -345.2002868652344
    ],
    "prompt-9 persona-5": [
        -379.532958984375
    ],
    "prompt-0 persona-6": [
        -407.015380859375
    ],
    "prompt-1 persona-6": [
        -175.06219482421875
    ],
    "prompt-2 persona-6": [
        -423.797119140625
    ],
    "prompt-3 persona-6": [
        -323.7385559082031
    ],
    "prompt-4 persona-6": [
        -357.779296875
    ],
    "prompt-5 persona-6": [
        -368.8259582519531
    ],
    "prompt-6 persona-6": [
        -454.68621826171875
    ],
    "prompt-7 persona-6": [
        -243.60800170898438
    ],
    "prompt-8 persona-6": [
        -299.9884033203125
    ],
    "prompt-9 persona-6": [
        -316.3792724609375
    ],
    "prompt-0 persona-7": [
        -478.29107666015625
    ],
    "prompt-1 persona-7": [
        -220.88926696777344
    ],
    "prompt-2 persona-7": [
        -324.06842041015625
    ],
    "prompt-3 persona-7": [
        -299.82000732421875
    ],
    "prompt-4 persona-7": [
        -328.094482421875
    ],
    "prompt-5 persona-7": [
        -315.00775146484375
    ],
    "prompt-6 persona-7": [
        -335.49322509765625
    ],
    "prompt-7 persona-7": [
        -279.4613952636719
    ],
    "prompt-8 persona-7": [
        -310.4642333984375
    ],
    "prompt-9 persona-7": [
        -278.6462097167969
    ],
    "prompt-0 persona-8": [
        -476.78668212890625
    ],
    "prompt-1 persona-8": [
        -166.7247314453125
    ],
    "prompt-2 persona-8": [
        -267.38067626953125
    ],
    "prompt-3 persona-8": [
        -425.2337951660156
    ],
    "prompt-4 persona-8": [
        -309.03411865234375
    ],
    "prompt-5 persona-8": [
        -327.268310546875
    ],
    "prompt-6 persona-8": [
        -394.6702575683594
    ],
    "prompt-7 persona-8": [
        -214.18804931640625
    ],
    "prompt-8 persona-8": [
        -380.74658203125
    ],
    "prompt-9 persona-8": [
        -351.8114929199219
    ],
    "prompt-0 persona-9": [
        -421.81439208984375
    ],
    "prompt-1 persona-9": [
        -199.27127075195312
    ],
    "prompt-2 persona-9": [
        -375.6714172363281
    ],
    "prompt-3 persona-9": [
        -363.8393249511719
    ],
    "prompt-4 persona-9": [
        -381.530517578125
    ],
    "prompt-5 persona-9": [
        -319.2655029296875
    ],
    "prompt-6 persona-9": [
        -329.9763488769531
    ],
    "prompt-7 persona-9": [
        -169.31089782714844
    ],
    "prompt-8 persona-9": [
        -295.02862548828125
    ],
    "prompt-9 persona-9": [
        -258.9771728515625
    ]
}