{"train/loss": 0.6696, "train/learning_rate": 0.0, "train/epoch": 1.0, "train/global_step": 185, "_timestamp": 1710137890.547534, "_runtime": 6835.5475471019745, "_step": 38, "eval/loss": 0.6731677055358887, "eval/runtime": 96.1214, "eval/samples_per_second": 6.502, "eval/steps_per_second": 1.633, "train/train_runtime": 6766.2032, "train/train_samples_per_second": 1.755, "train/train_steps_per_second": 0.027, "train/total_flos": 4.014857878836019e+17, "train/train_loss": 0.8071071586093387, "_wandb": {"runtime": 6888}}