{
    "prompt-0 persona-0": [
        -584.5146484375
    ],
    "prompt-1 persona-0": [
        -336.2455139160156
    ],
    "prompt-2 persona-0": [
        -466.9590759277344
    ],
    "prompt-3 persona-0": [
        -433.45916748046875
    ],
    "prompt-4 persona-0": [
        -431.7937316894531
    ],
    "prompt-5 persona-0": [
        -413.43572998046875
    ],
    "prompt-6 persona-0": [
        -467.6038513183594
    ],
    "prompt-7 persona-0": [
        -350.15228271484375
    ],
    "prompt-8 persona-0": [
        -431.810791015625
    ],
    "prompt-9 persona-0": [
        -436.3243713378906
    ],
    "prompt-0 persona-1": [
        -457.73321533203125
    ],
    "prompt-1 persona-1": [
        -289.1289367675781
    ],
    "prompt-2 persona-1": [
        -458.3844909667969
    ],
    "prompt-3 persona-1": [
        -635.0812377929688
    ],
    "prompt-4 persona-1": [
        -503.0916748046875
    ],
    "prompt-5 persona-1": [
        -543.6611328125
    ],
    "prompt-6 persona-1": [
        -533.5751953125
    ],
    "prompt-7 persona-1": [
        -366.8304138183594
    ],
    "prompt-8 persona-1": [
        -508.8232116699219
    ],
    "prompt-9 persona-1": [
        -422.94586181640625
    ],
    "prompt-0 persona-2": [
        -517.4210815429688
    ],
    "prompt-1 persona-2": [
        -278.1400146484375
    ],
    "prompt-2 persona-2": [
        -530.3067626953125
    ],
    "prompt-3 persona-2": [
        -588.9918212890625
    ],
    "prompt-4 persona-2": [
        -477.85711669921875
    ],
    "prompt-5 persona-2": [
        -441.29803466796875
    ],
    "prompt-6 persona-2": [
        -514.4996948242188
    ],
    "prompt-7 persona-2": [
        -339.844970703125
    ],
    "prompt-8 persona-2": [
        -548.623046875
    ],
    "prompt-9 persona-2": [
        -514.20166015625
    ],
    "prompt-0 persona-3": [
        -522.9356689453125
    ],
    "prompt-1 persona-3": [
        -226.81576538085938
    ],
    "prompt-2 persona-3": [
        -442.1582336425781
    ],
    "prompt-3 persona-3": [
        -510.0979919433594
    ],
    "prompt-4 persona-3": [
        -442.2648010253906
    ],
    "prompt-5 persona-3": [
        -479.9471740722656
    ],
    "prompt-6 persona-3": [
        -581.6477661132812
    ],
    "prompt-7 persona-3": [
        -380.4961853027344
    ],
    "prompt-8 persona-3": [
        -414.5840148925781
    ],
    "prompt-9 persona-3": [
        -490.5980224609375
    ],
    "prompt-0 persona-4": [
        -456.1341247558594
    ],
    "prompt-1 persona-4": [
        -383.77056884765625
    ],
    "prompt-2 persona-4": [
        -450.8990783691406
    ],
    "prompt-3 persona-4": [
        -472.9242858886719
    ],
    "prompt-4 persona-4": [
        -591.5488891601562
    ],
    "prompt-5 persona-4": [
        -402.70855712890625
    ],
    "prompt-6 persona-4": [
        -558.351806640625
    ],
    "prompt-7 persona-4": [
        -348.9417724609375
    ],
    "prompt-8 persona-4": [
        -513.8646240234375
    ],
    "prompt-9 persona-4": [
        -514.3909301757812
    ],
    "prompt-0 persona-5": [
        -464.00665283203125
    ],
    "prompt-1 persona-5": [
        -303.2862243652344
    ],
    "prompt-2 persona-5": [
        -499.210205078125
    ],
    "prompt-3 persona-5": [
        -529.2736206054688
    ],
    "prompt-4 persona-5": [
        -485.17779541015625
    ],
    "prompt-5 persona-5": [
        -494.08953857421875
    ],
    "prompt-6 persona-5": [
        -520.3128662109375
    ],
    "prompt-7 persona-5": [
        -429.2132568359375
    ],
    "prompt-8 persona-5": [
        -527.1944580078125
    ],
    "prompt-9 persona-5": [
        -482.1761779785156
    ],
    "prompt-0 persona-6": [
        -487.4938049316406
    ],
    "prompt-1 persona-6": [
        -268.39849853515625
    ],
    "prompt-2 persona-6": [
        -493.2486572265625
    ],
    "prompt-3 persona-6": [
        -452.81451416015625
    ],
    "prompt-4 persona-6": [
        -491.3229064941406
    ],
    "prompt-5 persona-6": [
        -552.2046508789062
    ],
    "prompt-6 persona-6": [
        -573.2373657226562
    ],
    "prompt-7 persona-6": [
        -350.0876770019531
    ],
    "prompt-8 persona-6": [
        -438.0840759277344
    ],
    "prompt-9 persona-6": [
        -409.0368957519531
    ],
    "prompt-0 persona-7": [
        -570.0711669921875
    ],
    "prompt-1 persona-7": [
        -310.004638671875
    ],
    "prompt-2 persona-7": [
        -446.7203369140625
    ],
    "prompt-3 persona-7": [
        -452.34735107421875
    ],
    "prompt-4 persona-7": [
        -403.314208984375
    ],
    "prompt-5 persona-7": [
        -370.1430969238281
    ],
    "prompt-6 persona-7": [
        -423.060546875
    ],
    "prompt-7 persona-7": [
        -430.1556396484375
    ],
    "prompt-8 persona-7": [
        -463.7110595703125
    ],
    "prompt-9 persona-7": [
        -325.3163146972656
    ],
    "prompt-0 persona-8": [
        -560.8353881835938
    ],
    "prompt-1 persona-8": [
        -253.00656127929688
    ],
    "prompt-2 persona-8": [
        -422.1035461425781
    ],
    "prompt-3 persona-8": [
        -539.5675048828125
    ],
    "prompt-4 persona-8": [
        -356.2895202636719
    ],
    "prompt-5 persona-8": [
        -402.8330078125
    ],
    "prompt-6 persona-8": [
        -491.0585632324219
    ],
    "prompt-7 persona-8": [
        -338.0519104003906
    ],
    "prompt-8 persona-8": [
        -494.68499755859375
    ],
    "prompt-9 persona-8": [
        -532.72705078125
    ],
    "prompt-0 persona-9": [
        -438.4966735839844
    ],
    "prompt-1 persona-9": [
        -254.98565673828125
    ],
    "prompt-2 persona-9": [
        -566.2852172851562
    ],
    "prompt-3 persona-9": [
        -480.1365966796875
    ],
    "prompt-4 persona-9": [
        -499.287109375
    ],
    "prompt-5 persona-9": [
        -440.84466552734375
    ],
    "prompt-6 persona-9": [
        -475.1729736328125
    ],
    "prompt-7 persona-9": [
        -273.8823547363281
    ],
    "prompt-8 persona-9": [
        -472.756103515625
    ],
    "prompt-9 persona-9": [
        -399.0035705566406
    ]
}