{
    "prompt-0 persona-0": [
        -659.6314697265625
    ],
    "prompt-1 persona-0": [
        -372.42071533203125
    ],
    "prompt-2 persona-0": [
        -512.119384765625
    ],
    "prompt-3 persona-0": [
        -452.6516418457031
    ],
    "prompt-4 persona-0": [
        -458.0341796875
    ],
    "prompt-5 persona-0": [
        -470.1555480957031
    ],
    "prompt-6 persona-0": [
        -499.3843078613281
    ],
    "prompt-7 persona-0": [
        -395.3504333496094
    ],
    "prompt-8 persona-0": [
        -442.5545959472656
    ],
    "prompt-9 persona-0": [
        -454.10723876953125
    ],
    "prompt-0 persona-1": [
        -498.6195983886719
    ],
    "prompt-1 persona-1": [
        -387.372314453125
    ],
    "prompt-2 persona-1": [
        -519.5843505859375
    ],
    "prompt-3 persona-1": [
        -668.2393188476562
    ],
    "prompt-4 persona-1": [
        -528.75341796875
    ],
    "prompt-5 persona-1": [
        -547.0547485351562
    ],
    "prompt-6 persona-1": [
        -592.3353271484375
    ],
    "prompt-7 persona-1": [
        -463.67156982421875
    ],
    "prompt-8 persona-1": [
        -538.2528686523438
    ],
    "prompt-9 persona-1": [
        -488.17779541015625
    ],
    "prompt-0 persona-2": [
        -561.2205810546875
    ],
    "prompt-1 persona-2": [
        -317.5634765625
    ],
    "prompt-2 persona-2": [
        -570.6587524414062
    ],
    "prompt-3 persona-2": [
        -642.2183227539062
    ],
    "prompt-4 persona-2": [
        -493.2881164550781
    ],
    "prompt-5 persona-2": [
        -502.9913024902344
    ],
    "prompt-6 persona-2": [
        -576.5806884765625
    ],
    "prompt-7 persona-2": [
        -385.3278503417969
    ],
    "prompt-8 persona-2": [
        -574.1567993164062
    ],
    "prompt-9 persona-2": [
        -537.228515625
    ],
    "prompt-0 persona-3": [
        -576.1964111328125
    ],
    "prompt-1 persona-3": [
        -285.9649353027344
    ],
    "prompt-2 persona-3": [
        -451.5880126953125
    ],
    "prompt-3 persona-3": [
        -518.1190795898438
    ],
    "prompt-4 persona-3": [
        -498.66644287109375
    ],
    "prompt-5 persona-3": [
        -517.6791381835938
    ],
    "prompt-6 persona-3": [
        -596.8054809570312
    ],
    "prompt-7 persona-3": [
        -441.4717102050781
    ],
    "prompt-8 persona-3": [
        -484.361328125
    ],
    "prompt-9 persona-3": [
        -558.9830932617188
    ],
    "prompt-0 persona-4": [
        -498.9982604980469
    ],
    "prompt-1 persona-4": [
        -401.26934814453125
    ],
    "prompt-2 persona-4": [
        -470.3697509765625
    ],
    "prompt-3 persona-4": [
        -483.1641845703125
    ],
    "prompt-4 persona-4": [
        -571.4971313476562
    ],
    "prompt-5 persona-4": [
        -404.8908996582031
    ],
    "prompt-6 persona-4": [
        -577.0147705078125
    ],
    "prompt-7 persona-4": [
        -360.4276123046875
    ],
    "prompt-8 persona-4": [
        -550.2890625
    ],
    "prompt-9 persona-4": [
        -526.4707641601562
    ],
    "prompt-0 persona-5": [
        -471.92901611328125
    ],
    "prompt-1 persona-5": [
        -327.6556396484375
    ],
    "prompt-2 persona-5": [
        -530.168212890625
    ],
    "prompt-3 persona-5": [
        -541.8876342773438
    ],
    "prompt-4 persona-5": [
        -482.4507141113281
    ],
    "prompt-5 persona-5": [
        -511.2278747558594
    ],
    "prompt-6 persona-5": [
        -522.3760986328125
    ],
    "prompt-7 persona-5": [
        -483.32928466796875
    ],
    "prompt-8 persona-5": [
        -579.852294921875
    ],
    "prompt-9 persona-5": [
        -516.5693359375
    ],
    "prompt-0 persona-6": [
        -517.950927734375
    ],
    "prompt-1 persona-6": [
        -325.6443176269531
    ],
    "prompt-2 persona-6": [
        -555.4000854492188
    ],
    "prompt-3 persona-6": [
        -461.1551818847656
    ],
    "prompt-4 persona-6": [
        -564.7669677734375
    ],
    "prompt-5 persona-6": [
        -604.5618896484375
    ],
    "prompt-6 persona-6": [
        -612.3844604492188
    ],
    "prompt-7 persona-6": [
        -392.86407470703125
    ],
    "prompt-8 persona-6": [
        -464.07598876953125
    ],
    "prompt-9 persona-6": [
        -464.583740234375
    ],
    "prompt-0 persona-7": [
        -589.825927734375
    ],
    "prompt-1 persona-7": [
        -348.0092468261719
    ],
    "prompt-2 persona-7": [
        -468.8420104980469
    ],
    "prompt-3 persona-7": [
        -508.7463684082031
    ],
    "prompt-4 persona-7": [
        -443.1371154785156
    ],
    "prompt-5 persona-7": [
        -437.9649658203125
    ],
    "prompt-6 persona-7": [
        -496.4278564453125
    ],
    "prompt-7 persona-7": [
        -471.756103515625
    ],
    "prompt-8 persona-7": [
        -523.0328369140625
    ],
    "prompt-9 persona-7": [
        -349.69512939453125
    ],
    "prompt-0 persona-8": [
        -655.1213989257812
    ],
    "prompt-1 persona-8": [
        -309.8973083496094
    ],
    "prompt-2 persona-8": [
        -435.2814636230469
    ],
    "prompt-3 persona-8": [
        -561.0963134765625
    ],
    "prompt-4 persona-8": [
        -415.0267028808594
    ],
    "prompt-5 persona-8": [
        -461.38006591796875
    ],
    "prompt-6 persona-8": [
        -531.0546875
    ],
    "prompt-7 persona-8": [
        -393.05322265625
    ],
    "prompt-8 persona-8": [
        -506.46600341796875
    ],
    "prompt-9 persona-8": [
        -560.008544921875
    ],
    "prompt-0 persona-9": [
        -490.70892333984375
    ],
    "prompt-1 persona-9": [
        -303.7612609863281
    ],
    "prompt-2 persona-9": [
        -572.9790649414062
    ],
    "prompt-3 persona-9": [
        -483.0982360839844
    ],
    "prompt-4 persona-9": [
        -581.0571899414062
    ],
    "prompt-5 persona-9": [
        -462.72967529296875
    ],
    "prompt-6 persona-9": [
        -498.06451416015625
    ],
    "prompt-7 persona-9": [
        -338.13116455078125
    ],
    "prompt-8 persona-9": [
        -525.3683471679688
    ],
    "prompt-9 persona-9": [
        -443.9090881347656
    ]
}