{
    "prompt-0 persona-0": [
        -565.6824951171875
    ],
    "prompt-1 persona-0": [
        -233.1746368408203
    ],
    "prompt-2 persona-0": [
        -420.98187255859375
    ],
    "prompt-3 persona-0": [
        -393.0838623046875
    ],
    "prompt-4 persona-0": [
        -384.4796142578125
    ],
    "prompt-5 persona-0": [
        -300.8786315917969
    ],
    "prompt-6 persona-0": [
        -468.7461242675781
    ],
    "prompt-7 persona-0": [
        -243.73927307128906
    ],
    "prompt-8 persona-0": [
        -397.19873046875
    ],
    "prompt-9 persona-0": [
        -423.1529541015625
    ],
    "prompt-0 persona-1": [
        -409.63665771484375
    ],
    "prompt-1 persona-1": [
        -238.8941650390625
    ],
    "prompt-2 persona-1": [
        -419.8377380371094
    ],
    "prompt-3 persona-1": [
        -575.239013671875
    ],
    "prompt-4 persona-1": [
        -419.5166931152344
    ],
    "prompt-5 persona-1": [
        -416.2894592285156
    ],
    "prompt-6 persona-1": [
        -474.92669677734375
    ],
    "prompt-7 persona-1": [
        -290.4075622558594
    ],
    "prompt-8 persona-1": [
        -427.82684326171875
    ],
    "prompt-9 persona-1": [
        -373.0965576171875
    ],
    "prompt-0 persona-2": [
        -430.73211669921875
    ],
    "prompt-1 persona-2": [
        -226.10906982421875
    ],
    "prompt-2 persona-2": [
        -418.5960998535156
    ],
    "prompt-3 persona-2": [
        -514.5217895507812
    ],
    "prompt-4 persona-2": [
        -364.3800048828125
    ],
    "prompt-5 persona-2": [
        -355.9342956542969
    ],
    "prompt-6 persona-2": [
        -501.2279968261719
    ],
    "prompt-7 persona-2": [
        -293.2665710449219
    ],
    "prompt-8 persona-2": [
        -466.07611083984375
    ],
    "prompt-9 persona-2": [
        -468.83514404296875
    ],
    "prompt-0 persona-3": [
        -447.3777160644531
    ],
    "prompt-1 persona-3": [
        -163.5445556640625
    ],
    "prompt-2 persona-3": [
        -331.6590270996094
    ],
    "prompt-3 persona-3": [
        -420.485107421875
    ],
    "prompt-4 persona-3": [
        -381.8955078125
    ],
    "prompt-5 persona-3": [
        -368.3008117675781
    ],
    "prompt-6 persona-3": [
        -463.7108154296875
    ],
    "prompt-7 persona-3": [
        -324.0971984863281
    ],
    "prompt-8 persona-3": [
        -354.5596618652344
    ],
    "prompt-9 persona-3": [
        -423.7745666503906
    ],
    "prompt-0 persona-4": [
        -443.3446960449219
    ],
    "prompt-1 persona-4": [
        -257.0676574707031
    ],
    "prompt-2 persona-4": [
        -407.05767822265625
    ],
    "prompt-3 persona-4": [
        -384.3763427734375
    ],
    "prompt-4 persona-4": [
        -501.8667297363281
    ],
    "prompt-5 persona-4": [
        -317.57427978515625
    ],
    "prompt-6 persona-4": [
        -457.62078857421875
    ],
    "prompt-7 persona-4": [
        -197.05772399902344
    ],
    "prompt-8 persona-4": [
        -410.0428161621094
    ],
    "prompt-9 persona-4": [
        -393.978271484375
    ],
    "prompt-0 persona-5": [
        -403.1630554199219
    ],
    "prompt-1 persona-5": [
        -234.5303497314453
    ],
    "prompt-2 persona-5": [
        -343.80743408203125
    ],
    "prompt-3 persona-5": [
        -457.2735900878906
    ],
    "prompt-4 persona-5": [
        -419.0730895996094
    ],
    "prompt-5 persona-5": [
        -365.423828125
    ],
    "prompt-6 persona-5": [
        -414.705078125
    ],
    "prompt-7 persona-5": [
        -365.2475280761719
    ],
    "prompt-8 persona-5": [
        -408.5030517578125
    ],
    "prompt-9 persona-5": [
        -422.057861328125
    ],
    "prompt-0 persona-6": [
        -448.564697265625
    ],
    "prompt-1 persona-6": [
        -217.8004150390625
    ],
    "prompt-2 persona-6": [
        -413.93341064453125
    ],
    "prompt-3 persona-6": [
        -318.6686706542969
    ],
    "prompt-4 persona-6": [
        -398.83734130859375
    ],
    "prompt-5 persona-6": [
        -362.7869567871094
    ],
    "prompt-6 persona-6": [
        -478.94189453125
    ],
    "prompt-7 persona-6": [
        -246.0115509033203
    ],
    "prompt-8 persona-6": [
        -343.3138122558594
    ],
    "prompt-9 persona-6": [
        -356.7730712890625
    ],
    "prompt-0 persona-7": [
        -468.6187438964844
    ],
    "prompt-1 persona-7": [
        -218.65896606445312
    ],
    "prompt-2 persona-7": [
        -369.8662109375
    ],
    "prompt-3 persona-7": [
        -402.6915588378906
    ],
    "prompt-4 persona-7": [
        -372.4691467285156
    ],
    "prompt-5 persona-7": [
        -299.72320556640625
    ],
    "prompt-6 persona-7": [
        -382.6545715332031
    ],
    "prompt-7 persona-7": [
        -321.7796630859375
    ],
    "prompt-8 persona-7": [
        -394.3190612792969
    ],
    "prompt-9 persona-7": [
        -304.33599853515625
    ],
    "prompt-0 persona-8": [
        -520.9013061523438
    ],
    "prompt-1 persona-8": [
        -206.05322265625
    ],
    "prompt-2 persona-8": [
        -354.00634765625
    ],
    "prompt-3 persona-8": [
        -471.7248229980469
    ],
    "prompt-4 persona-8": [
        -352.4571838378906
    ],
    "prompt-5 persona-8": [
        -333.4991455078125
    ],
    "prompt-6 persona-8": [
        -447.20941162109375
    ],
    "prompt-7 persona-8": [
        -262.9849548339844
    ],
    "prompt-8 persona-8": [
        -424.6891784667969
    ],
    "prompt-9 persona-8": [
        -438.03912353515625
    ],
    "prompt-0 persona-9": [
        -397.5253601074219
    ],
    "prompt-1 persona-9": [
        -231.17401123046875
    ],
    "prompt-2 persona-9": [
        -383.08892822265625
    ],
    "prompt-3 persona-9": [
        -399.4119567871094
    ],
    "prompt-4 persona-9": [
        -450.7855529785156
    ],
    "prompt-5 persona-9": [
        -361.98638916015625
    ],
    "prompt-6 persona-9": [
        -428.3365478515625
    ],
    "prompt-7 persona-9": [
        -182.90122985839844
    ],
    "prompt-8 persona-9": [
        -395.22998046875
    ],
    "prompt-9 persona-9": [
        -393.9253845214844
    ]
}