{
    "prompt-0 persona-0": [
        -545.9680786132812
    ],
    "prompt-1 persona-0": [
        -302.9144287109375
    ],
    "prompt-2 persona-0": [
        -405.9207458496094
    ],
    "prompt-3 persona-0": [
        -381.3249816894531
    ],
    "prompt-4 persona-0": [
        -408.1082458496094
    ],
    "prompt-5 persona-0": [
        -365.1710510253906
    ],
    "prompt-6 persona-0": [
        -423.2932434082031
    ],
    "prompt-7 persona-0": [
        -319.60107421875
    ],
    "prompt-8 persona-0": [
        -380.1765441894531
    ],
    "prompt-9 persona-0": [
        -405.15087890625
    ],
    "prompt-0 persona-1": [
        -417.42913818359375
    ],
    "prompt-1 persona-1": [
        -250.1141357421875
    ],
    "prompt-2 persona-1": [
        -420.62408447265625
    ],
    "prompt-3 persona-1": [
        -574.7849731445312
    ],
    "prompt-4 persona-1": [
        -472.1453857421875
    ],
    "prompt-5 persona-1": [
        -464.95648193359375
    ],
    "prompt-6 persona-1": [
        -497.7514343261719
    ],
    "prompt-7 persona-1": [
        -351.17425537109375
    ],
    "prompt-8 persona-1": [
        -473.2991943359375
    ],
    "prompt-9 persona-1": [
        -381.10211181640625
    ],
    "prompt-0 persona-2": [
        -481.0685729980469
    ],
    "prompt-1 persona-2": [
        -244.60906982421875
    ],
    "prompt-2 persona-2": [
        -479.85137939453125
    ],
    "prompt-3 persona-2": [
        -546.3800048828125
    ],
    "prompt-4 persona-2": [
        -440.653564453125
    ],
    "prompt-5 persona-2": [
        -398.4525451660156
    ],
    "prompt-6 persona-2": [
        -459.70233154296875
    ],
    "prompt-7 persona-2": [
        -305.8780517578125
    ],
    "prompt-8 persona-2": [
        -497.2114562988281
    ],
    "prompt-9 persona-2": [
        -473.3333740234375
    ],
    "prompt-0 persona-3": [
        -481.10137939453125
    ],
    "prompt-1 persona-3": [
        -209.5861358642578
    ],
    "prompt-2 persona-3": [
        -371.6343994140625
    ],
    "prompt-3 persona-3": [
        -456.80438232421875
    ],
    "prompt-4 persona-3": [
        -412.2099304199219
    ],
    "prompt-5 persona-3": [
        -430.16278076171875
    ],
    "prompt-6 persona-3": [
        -509.2145690917969
    ],
    "prompt-7 persona-3": [
        -361.19512939453125
    ],
    "prompt-8 persona-3": [
        -383.4189453125
    ],
    "prompt-9 persona-3": [
        -462.7225646972656
    ],
    "prompt-0 persona-4": [
        -416.891845703125
    ],
    "prompt-1 persona-4": [
        -344.2035217285156
    ],
    "prompt-2 persona-4": [
        -396.86907958984375
    ],
    "prompt-3 persona-4": [
        -399.2900695800781
    ],
    "prompt-4 persona-4": [
        -533.9592895507812
    ],
    "prompt-5 persona-4": [
        -352.4880065917969
    ],
    "prompt-6 persona-4": [
        -464.2041015625
    ],
    "prompt-7 persona-4": [
        -310.8813781738281
    ],
    "prompt-8 persona-4": [
        -439.2117004394531
    ],
    "prompt-9 persona-4": [
        -459.75830078125
    ],
    "prompt-0 persona-5": [
        -419.8998107910156
    ],
    "prompt-1 persona-5": [
        -258.58245849609375
    ],
    "prompt-2 persona-5": [
        -440.271484375
    ],
    "prompt-3 persona-5": [
        -470.5672302246094
    ],
    "prompt-4 persona-5": [
        -448.2516784667969
    ],
    "prompt-5 persona-5": [
        -416.4228210449219
    ],
    "prompt-6 persona-5": [
        -470.7810363769531
    ],
    "prompt-7 persona-5": [
        -394.2247619628906
    ],
    "prompt-8 persona-5": [
        -492.00982666015625
    ],
    "prompt-9 persona-5": [
        -427.8472900390625
    ],
    "prompt-0 persona-6": [
        -456.23907470703125
    ],
    "prompt-1 persona-6": [
        -224.67523193359375
    ],
    "prompt-2 persona-6": [
        -431.028076171875
    ],
    "prompt-3 persona-6": [
        -379.7110595703125
    ],
    "prompt-4 persona-6": [
        -461.0443115234375
    ],
    "prompt-5 persona-6": [
        -452.5675964355469
    ],
    "prompt-6 persona-6": [
        -502.6776123046875
    ],
    "prompt-7 persona-6": [
        -311.11199951171875
    ],
    "prompt-8 persona-6": [
        -393.2608947753906
    ],
    "prompt-9 persona-6": [
        -376.36505126953125
    ],
    "prompt-0 persona-7": [
        -541.1077880859375
    ],
    "prompt-1 persona-7": [
        -251.07118225097656
    ],
    "prompt-2 persona-7": [
        -393.3078308105469
    ],
    "prompt-3 persona-7": [
        -396.2182922363281
    ],
    "prompt-4 persona-7": [
        -365.69012451171875
    ],
    "prompt-5 persona-7": [
        -326.64544677734375
    ],
    "prompt-6 persona-7": [
        -390.9618225097656
    ],
    "prompt-7 persona-7": [
        -394.99713134765625
    ],
    "prompt-8 persona-7": [
        -412.970703125
    ],
    "prompt-9 persona-7": [
        -287.9784851074219
    ],
    "prompt-0 persona-8": [
        -545.4324951171875
    ],
    "prompt-1 persona-8": [
        -222.741455078125
    ],
    "prompt-2 persona-8": [
        -381.0992431640625
    ],
    "prompt-3 persona-8": [
        -484.409423828125
    ],
    "prompt-4 persona-8": [
        -334.7376708984375
    ],
    "prompt-5 persona-8": [
        -366.2964172363281
    ],
    "prompt-6 persona-8": [
        -446.0638122558594
    ],
    "prompt-7 persona-8": [
        -295.0804138183594
    ],
    "prompt-8 persona-8": [
        -424.06317138671875
    ],
    "prompt-9 persona-8": [
        -482.04998779296875
    ],
    "prompt-0 persona-9": [
        -401.9324035644531
    ],
    "prompt-1 persona-9": [
        -227.14552307128906
    ],
    "prompt-2 persona-9": [
        -530.6459350585938
    ],
    "prompt-3 persona-9": [
        -438.6531982421875
    ],
    "prompt-4 persona-9": [
        -475.4258728027344
    ],
    "prompt-5 persona-9": [
        -388.080322265625
    ],
    "prompt-6 persona-9": [
        -436.9969482421875
    ],
    "prompt-7 persona-9": [
        -221.46453857421875
    ],
    "prompt-8 persona-9": [
        -431.8888854980469
    ],
    "prompt-9 persona-9": [
        -366.19354248046875
    ]
}