{"train/loss": 0.7015, "train/learning_rate": 0.0, "train/epoch": 1.0, "train/global_step": 185, "_timestamp": 1710365370.5792189, "_runtime": 5338.660043954849, "_step": 38, "eval/loss": 0.6935175061225891, "eval/runtime": 79.0269, "eval/samples_per_second": 7.909, "eval/steps_per_second": 1.987, "train/train_runtime": 5289.3845, "train/train_samples_per_second": 2.245, "train/train_steps_per_second": 0.035, "train/total_flos": 3.2106951252895334e+17, "train/train_loss": 0.79961480192236, "_wandb": {"runtime": 5378}}