{"train/loss": 0.7796, "train/learning_rate": 1.1320896416417026e-05, "train/epoch": 0.51, "train/global_step": 95, "_timestamp": 1710362721.382389, "_runtime": 2689.463214159012, "_step": 18}