{"train/loss": 0.5796, "train/learning_rate": 0.0, "train/epoch": 1.0, "train/global_step": 185, "_timestamp": 1710457587.0568328, "_runtime": 2804.410543680191, "_step": 38, "eval/loss": 0.5719751715660095, "eval/runtime": 48.614, "eval/samples_per_second": 12.856, "eval/steps_per_second": 3.23, "train/train_runtime": 2740.1424, "train/train_samples_per_second": 4.334, "train/train_steps_per_second": 0.068, "train/total_flos": 4.343307232609567e+17, "train/train_loss": 0.7048869519620329, "_wandb": {"runtime": 2856}}