{"train/loss": 0.6846, "train/learning_rate": 0.0, "train/epoch": 1.0, "train/global_step": 185, "_timestamp": 1709336099.8942113, "_runtime": 2766.4917163848877, "_step": 41, "eval/loss": 0.6773730516433716, "eval/runtime": 43.8257, "eval/samples_per_second": 14.261, "eval/steps_per_second": 3.582, "train/train_runtime": 2710.1015, "train/train_samples_per_second": 4.382, "train/train_steps_per_second": 0.068, "train/total_flos": 4.0137605617700045e+17, "train/train_loss": 0.806913525349385, "_wandb": {"runtime": 2812}}