{"train/loss": 0.3099, "train/learning_rate": 0.0, "train/epoch": 1.0, "train/global_step": 185, "_timestamp": 1709972252.0233002, "_runtime": 8630.944759130478, "_step": 38, "eval/loss": 0.3085181415081024, "eval/runtime": 122.0423, "eval/samples_per_second": 5.121, "eval/steps_per_second": 1.286, "train/train_runtime": 8549.7775, "train/train_samples_per_second": 1.389, "train/train_steps_per_second": 0.022, "train/total_flos": 4.962279385763021e+17, "train/train_loss": 0.4010258036690789, "_wandb": {"runtime": 8685}}