{"train/loss": 0.6893, "train/learning_rate": 0.0, "train/epoch": 1.0, "train/global_step": 185, "_timestamp": 1709184337.4794068, "_runtime": 2704.989850759506, "_step": 41, "eval/loss": 0.6870770454406738, "eval/runtime": 44.6519, "eval/samples_per_second": 13.997, "eval/steps_per_second": 3.516, "train/train_runtime": 2648.9684, "train/train_samples_per_second": 4.483, "train/train_steps_per_second": 0.07, "train/total_flos": 3.9859897365518746e+17, "train/train_loss": 0.8165288164808944, "_wandb": {"runtime": 2765}}