{"train/loss": 0.6577, "train/learning_rate": 0.0, "train/epoch": 1.0, "train/global_step": 185, "_timestamp": 1709293881.7330904, "_runtime": 2720.931327342987, "_step": 38, "eval/loss": 0.648266613483429, "eval/runtime": 46.8843, "eval/samples_per_second": 13.331, "eval/steps_per_second": 3.349, "train/train_runtime": 2658.3785, "train/train_samples_per_second": 4.467, "train/train_steps_per_second": 0.07, "train/total_flos": 4.224754325519401e+17, "train/train_loss": 0.7891520087783401, "_wandb": {"runtime": 2782}}