{"train/loss": 0.6665, "train/learning_rate": 0.0, "train/epoch": 1.0, "train/global_step": 185, "_timestamp": 1710536769.7870164, "_runtime": 2140.677436351776, "_step": 38, "eval/loss": 0.6749838590621948, "eval/runtime": 39.5061, "eval/samples_per_second": 15.82, "eval/steps_per_second": 3.974, "train/train_runtime": 2095.877, "train/train_samples_per_second": 5.666, "train/train_steps_per_second": 0.088, "train/total_flos": 3.300513001652552e+17, "train/train_loss": 0.7753241203926705, "_wandb": {"runtime": 2185}}