{"train/loss": 9.9169, "train/learning_rate": 6.5573770491803276e-06, "train/epoch": 0.03, "train/global_step": 40, "_timestamp": 1708382741.0761638, "_runtime": 149.47759079933167, "_step": 7, "_wandb": {"runtime": 156}}