{"train/loss": 0.3102, "train/learning_rate": 0.0, "train/epoch": 1.0, "train/global_step": 185, "_timestamp": 1710393162.3649454, "_runtime": 3237.2705824375153, "_step": 38, "eval/loss": 0.31757527589797974, "eval/runtime": 54.6574, "eval/samples_per_second": 11.435, "eval/steps_per_second": 2.872, "train/train_runtime": 3165.3241, "train/train_samples_per_second": 3.752, "train/train_steps_per_second": 0.058, "train/total_flos": 4.981147095688151e+17, "train/train_loss": 0.40533776412139066, "_wandb": {"runtime": 3286}}