{"train/loss": 0.3899, "train/learning_rate": 0.0, "train/epoch": 1.0, "train/global_step": 185, "_timestamp": 1709752562.3759608, "_runtime": 3140.048267841339, "_step": 38, "eval/loss": 0.380867600440979, "eval/runtime": 53.402, "eval/samples_per_second": 11.704, "eval/steps_per_second": 2.94, "train/train_runtime": 3073.4779, "train/train_samples_per_second": 3.864, "train/train_steps_per_second": 0.06, "train/total_flos": 4.888269360072622e+17, "train/train_loss": 0.47082118214787666, "_wandb": {"runtime": 3189}}