{"train/loss": 1.9645, "train/learning_rate": 5.263157894736842e-06, "train/epoch": 0.03, "train/global_step": 5, "_timestamp": 1709181320.744951, "_runtime": 131.02350211143494, "_step": 0, "_wandb": {"runtime": 176}}