{"train/loss": 0.6671, "train/learning_rate": 0.0, "train/epoch": 1.0, "train/global_step": 185, "_timestamp": 1709558808.9757936, "_runtime": 2077.7368535995483, "_step": 38, "eval/loss": 0.679405927658081, "eval/runtime": 37.8418, "eval/samples_per_second": 16.516, "eval/steps_per_second": 4.149, "train/train_runtime": 2024.9062, "train/train_samples_per_second": 5.864, "train/train_steps_per_second": 0.091, "train/total_flos": 3.174739645874504e+17, "train/train_loss": 0.8058516695692732, "_wandb": {"runtime": 2134}}