{"train/loss": 0.5965, "train/learning_rate": 0.0, "train/epoch": 1.0, "train/global_step": 185, "_timestamp": 1710608421.9133961, "_runtime": 2282.400066137314, "_step": 38, "eval/loss": 0.6010311841964722, "eval/runtime": 39.789, "eval/samples_per_second": 15.708, "eval/steps_per_second": 3.946, "train/train_runtime": 2235.4118, "train/train_samples_per_second": 5.312, "train/train_steps_per_second": 0.083, "train/total_flos": 3.532400160175227e+17, "train/train_loss": 0.7022572427182584, "_wandb": {"runtime": 2334}}