{"train/loss": 0.698, "train/learning_rate": 4.161153043136246e-11, "train/epoch": 1.0, "train/global_step": 1211, "_timestamp": 1708393738.6707861, "_runtime": 5541.811683177948, "_step": 245, "eval/loss": 0.6941966414451599, "eval/runtime": 89.0883, "eval/samples_per_second": 22.899, "eval/steps_per_second": 5.725, "train/train_runtime": 5491.5863, "train/train_samples_per_second": 7.058, "train/train_steps_per_second": 0.221, "train/total_flos": 8.058942277225021e+17, "train/train_loss": 0.8242827883739298, "_wandb": {"runtime": 5576}}