{"train/loss": 0.4808, "train/learning_rate": 1.9784091409455728e-05, "train/epoch": 0.16, "train/global_step": 30, "_timestamp": 1709965061.9286003, "_runtime": 1440.8500592708588, "_step": 5}